"","X1","X2","X3","X4","X5","X6","X7","X8","X9","X10","X11","X12","X13","X14","X15","X16","X17","X18","X19","X20","X21","X22","X23","X24","X25","X26","X27","X28","X29","X30","X31","X32","X33","X34","X35","X36","X37","X38","X39","X40","X41","X42","X43","X44","X45","X46","X47","X48","X49","X50","X51","X52"
"SRSF11",22877.0352642162,3571.77664402243,718.520763081593,478.612318305767,701.498113759758,212.919035379763,2960.10135775851,-4789.97699137975,-5731.65228514797,2573.69856346123,4015.09289394377,19.9494815744209,-1569.65037660677,-1944.9589957097,534.544307206882,-493.381746427632,-618.263942451261,632.361308893162,-1755.20292144775,755.690472774035,312.301243344599,1385.51670053664,-1277.03119178478,-27.4075995352876,2560.16498576842,615.092521032795,687.693064966063,-888.232893929199,-882.725813340486,-648.388529173768,951.340038649859,-1274.82838499247,313.387343285853,180.94392442116,-944.526823255459,950.357163737831,155.628444565709,-937.648725105436,328.402523617188,-297.784867924359,-26.2118392258372,-332.659018297853,1045.56999836856,1014.75462842464,231.853343017693,250.638429227642,-127.307483478249,1604.64093139707,-756.977718343304,1091.41778407014,918.392121773501,1600.73575630751
"POGZ",7294.3998240211,1511.77741290265,320.866838816666,-310.99395083614,280.427177141118,-103.597429981347,1298.99606468817,-1055.44955068983,-1679.94942903164,636.047799566622,1722.90894879067,390.377168117962,-308.927025590958,-132.501833367871,34.6055621362808,-319.10695931701,-269.952529213538,59.1152841911671,-332.976099640992,64.5329939742423,-90.9776700037193,214.632548304146,-338.871971571289,-239.294546148197,1162.4422512327,-175.347303716037,-268.960455699197,-486.244974348949,-3.77890353126796,-245.128463006604,444.552267443292,-363.369707234852,251.195322659881,379.217984063897,-174.67424284198,366.768314116435,-599.137277740847,-213.284788637024,-271.337331710266,136.816903437358,463.148824476487,-167.718150628559,87.8339731335636,60.0910899139368,-430.946012473709,161.087683084159,104.247044348911,411.318187174538,-159.907213380729,292.920762332983,351.684324991388,-20.0670052890801
"ILF2",23219.1660011423,10606.8582888848,2113.27438322496,2709.24797516954,-830.038806707209,-4249.10145058858,-562.207056135267,-1482.57723727945,2319.21802343251,-822.673660888854,120.518086708255,-354.782747585882,-5789.64453267036,-413.845415597446,892.645221961638,-549.09797288932,660.365902449205,160.574539850496,-851.409859520677,-1708.35257767394,-174.932402511199,377.508256730696,-770.79364982837,-1439.36318421972,1311.48217454781,1219.41842385254,966.582184284454,-97.6948475328787,132.633248794148,-78.9824136388621,646.180434988711,1107.40047971418,-289.288120029515,1345.81496246178,-468.960849437159,-91.2488803021965,-1194.51008794383,-1381.22737968183,-231.20824689309,316.594456623701,745.505128818591,-1011.03852540031,-519.703666438135,-988.050802355293,-167.611070848601,733.193837610054,-899.517377657772,-1497.14536334145,911.1052728711,111.179095388529,-330.441688658024,-836.059568286652
"ASH1L",8035.95873350566,1489.05323848005,204.600727159571,-228.934598952879,200.520919588778,659.794396772088,721.308117952542,-1634.03142123086,-1653.04630913944,560.170075073565,713.787025595335,432.854217105885,286.663096351916,-600.055262220946,259.530461175036,-683.284475081399,-487.109906073392,1096.00004730109,-216.053112434188,110.447668743425,176.944411001874,459.901882701896,314.696063983133,168.196772808092,2.64758424274546,297.523701519872,-436.480140015851,-688.01742649744,-22.096096272225,-297.695691303088,897.145465082447,-593.696222656806,361.308293149909,-148.892578344344,-189.719433620225,-365.77560234264,-1300.24766339878,-76.2552549859818,276.439520966929,-412.296229012212,110.153892038345,-276.716007668062,-797.272294232208,445.595532704156,571.907624899549,7.89562670186539,454.998923083758,377.558106587106,353.277709591449,301.167125877225,-82.763856568406,-402.443521585847
"KDM5B",8069.63756339849,1559.00726759617,308.698276852931,-1762.48327507356,64.4090226957318,169.564831314429,1229.5286346679,-797.526244646268,-1212.09510078067,466.674185902566,1823.15035746541,-164.876360413652,-874.883065151802,583.860219951518,70.8204092827902,-434.731868101346,-207.581813803422,224.906441356521,-446.441569013048,-71.5555488175816,178.90323811352,66.5400073346355,501.455009556302,-550.941429128409,295.799444264521,70.1964743803052,39.8437553170547,-526.752793982036,-502.786706979464,-389.009311788193,722.755741689516,490.642638519858,5.73793497653755,470.932672666644,-325.886335626204,113.354219567768,371.103320199532,-277.103271658726,183.38468713132,-378.6834558031,0.373909219001843,-542.593225361491,-555.52194230309,284.300569720748,62.7415526818929,186.812063658072,-382.371814042809,218.429457805608,-477.217637931815,17.7581667783069,-35.8447935586331,244.562508939657
"DIP2C",4143.94228849676,1136.53841317922,166.955380376133,-1149.18674400872,71.5482256618263,258.729295201587,1039.43762458061,-1041.20808733226,-1837.8472665401,593.739636924674,996.779375473497,-457.129806089801,341.662608655556,-316.186712865596,16.3375565295612,139.281160057456,-311.063109732368,790.39292926364,-672.527336723067,646.517279758204,-446.357359808535,-412.440227964373,-1.13657341448209,588.21325762009,-541.076639317643,-477.788859387239,76.2226597770881,-203.917143386192,-64.99404487797,233.45755153795,-323.297110247795,-551.666859271049,1017.73169856389,57.5518492767828,404.286593548557,-492.70131422158,-1101.64451032866,-71.4825070276089,-252.033484434661,723.575421763737,-155.897927939714,-71.7400521740561,-584.308731096345,192.303420138654,432.14256707391,-17.2573494789686,-323.047098317247,-181.771699241913,167.837873649561,191.618923465639,-479.195588595443,-638.020687050223
"WAC",10329.5308270026,3243.31928200923,177.016456101154,159.775985918997,693.749890268351,178.553860515158,939.765454343417,-1614.44522131274,-1623.43191751084,-118.909864049713,1660.38861252588,985.42033364444,-595.724948614025,-70.6034355136783,4.373047028183,-643.890610490535,-271.287227484906,510.782810159562,-818.909346947531,-602.172913266834,-161.652322519577,576.978611574036,-113.040172527824,-407.070197149682,143.299571307614,510.745837036414,-308.077476842489,-459.976432695199,-197.977434395124,-388.93380192644,-193.30057785279,-764.803837031646,107.387053089823,784.118646308119,-462.581789355482,-278.447636131989,282.560121499049,-697.636655504552,-314.196102723953,-234.692091497583,216.355472316202,-196.937924525613,-665.88640674625,-219.791773942766,-44.3236548577207,337.2256217739,-227.777187431786,73.076288382183,-317.691618951085,342.553985670747,-1027.11261924924,178.127932505728
"PTEN",4046.54594634867,2151.54754822833,14.9501597751437,298.499465232162,98.0371246514037,1594.65343037224,-98.2489007599501,-540.619805809691,-729.83933284992,499.093749633732,877.601274078952,971.28550249197,1101.15281243547,-1071.48627273836,631.693307850074,-2097.37515538891,-758.533367177911,-636.000016533393,-202.127749840725,-394.289194187825,174.833620273995,-652.964934130163,263.863918551445,-96.5619460444312,232.400489851433,-222.520231261417,-30.4887027191942,-394.946173590157,-43.3959098776284,248.641220718265,667.49890394184,-45.8817172918085,254.89285767351,104.78177234388,217.81046953571,-55.8616437474768,177.767473467594,217.542881875061,-133.308086984768,59.1391424477821,68.0626778344402,581.693831413977,34.8833140757406,-233.3846980726,89.4060782238709,134.525544959344,55.8641404687757,18.532969877788,-416.282166101592,257.410862006243,-45.7797300254475,-24.1069409829651
"DEAF1",2462.52786528003,1253.64975002381,-116.62495874497,-708.524697265267,457.84905214927,377.616959375722,528.594449123288,-945.026161265626,-1188.58274074989,138.168278466826,-243.609533714199,714.066755200423,546.398295945125,-754.977384434465,239.406940634896,182.293749363487,65.9025976291815,38.1199683385246,-132.640668283425,116.771568875173,-414.641485631878,-138.300422709131,-0.886418632967309,101.843816047926,-354.667157780026,-16.1528174941434,-143.864337826191,106.038373284756,-84.5139651893892,-500.431623802204,-168.010463663285,30.7269442138145,94.5646196670941,168.117572706102,630.424342561459,256.323349944712,-127.061027709556,384.991774221518,-149.207345425334,241.203649198212,-101.046517002032,130.298217508408,-62.6213203508856,-158.340139722546,190.147949223609,-192.770983060303,-167.465599713387,288.481016990796,-437.142081240717,82.6859629990659,-62.0026583126334,-158.448058725945
"SHANK2",2871.02147364349,868.997545874645,29.2888002972117,-1484.50507847888,316.196932783712,-161.499780636407,1172.34143910473,-338.54934178722,-1985.4631364637,526.806954910584,636.935264891464,1133.04525046136,385.534180817196,-555.752342368799,93.7283686240906,-57.5877084533232,-26.8162679008315,651.101857160463,-488.674855593115,-247.027921592826,3.87341149072288,870.83833737514,-129.505126272,208.631329279132,484.989021209513,238.211708117528,192.115382720803,-95.6500065321227,295.208979938499,162.203733559961,-16.2491818720117,2.02776002914211,-42.2002668036313,545.538278930551,54.9148069724365,-464.627486967133,-47.2039312412941,115.611854772939,-74.6326610427047,-22.5998140045478,155.265265315554,282.286357298821,-15.3910497851261,-284.344716249182,-124.294342606852,159.561570622385,28.8054611232431,-76.6246128983292,-154.898818171733,126.95286202347,-245.941242725173,210.660409630172
"KMT2A",14104.9170522236,2600.95157820186,298.777528970227,-1485.08085860657,995.722176383347,758.939990812212,3828.42725006417,-2247.46561381918,-5535.04218620989,1725.70812144851,3303.67675126777,2447.52412968549,637.85938988382,-1175.82103766612,116.641148013053,1114.84543105477,-951.547054997624,1502.70838886248,-2128.33007319316,-180.886724631683,-645.962233467689,589.06100810073,-234.516034474205,172.439391920744,1772.93229728184,-633.410938880869,-281.246714913348,-1400.23421598351,-600.141606847641,-1024.13971701992,1077.57382990025,-599.876145669948,978.593422114585,374.277221848513,-445.26617538979,671.229262371125,-665.804669991033,-509.033146621542,-468.350430874035,-733.159278287142,439.6937995951,240.774674937175,543.021989296847,314.511616896142,135.364719546905,-1282.48089814079,-285.859205506134,-977.258198311903,-381.679216052985,423.160298845235,1361.27127099287,1270.72699396381
"GRIN2B",247.441776414951,-53.6721140545705,-7.78097547087203,-81.5258286217213,18.9523024490155,7.91565276242464,49.6204921118483,16.6956452995957,-92.3687909635278,60.4337354349014,34.3766628755925,106.247111025122,-56.5205267307116,-80.0091617237029,24.0104483804623,16.9581472148814,-44.05563844865,21.0183760893046,-115.344712088234,13.8752653095929,121.098825589991,-11.6094705452635,14.6107650552959,54.0849732097269,82.2222628310897,73.1265667439928,19.7661222116451,-33.4906288882632,15.6421507893079,15.1033597608941,-92.8300880946117,-0.549866561148948,-27.3267067991577,47.8585968917741,216.6187490203,-84.2031357490509,-64.3963422366676,-112.235561452827,-196.638868844005,30.4311173016487,-196.407391776444,-23.5761544465854,30.0395041929559,-39.5511652448073,141.636541355555,-13.1111265986865,108.658295936843,-46.766108468125,-367.981630729619,48.6020678490475,188.743327650975,151.913806285058
"SMARCC2",9865.5374307767,2550.43935089674,151.474880157679,-1015.41460230024,916.922159262361,286.033297351218,2215.81118999174,-2509.77507609789,-3476.27813356977,1014.8303358472,1942.75588473366,1671.13896904855,-321.291015660598,-42.3900350531909,64.3892825405802,436.352430015742,-664.663281836782,201.657105105859,-504.869188627952,348.857041905191,-28.8009422695223,248.616780847049,-631.743005967155,-104.575312626391,499.775196900998,-463.463695540683,-394.244472903559,-347.205415150484,-458.535123211815,-1081.34528657553,262.723942154356,-414.135218714288,56.6628831523068,-162.248022894906,-367.613641370674,35.1118443956731,-543.018652410149,37.9875824312319,213.541940760143,-37.7192055027664,465.17566182925,-619.527901565331,383.138535163535,-184.926938761663,119.271250081331,-222.780856696847,354.047296771903,957.725663615003,-113.277499889334,1250.91714800207,51.5337120850406,465.146681553755
"USP15",3207.93458814482,730.149883635375,-151.142001036945,-531.936687627674,-78.4227093078906,231.483413200062,339.578597464611,-461.741297264817,-987.177181023695,251.98670015294,551.323943785141,378.957656285946,-106.775469475026,-206.381736794559,-69.4811256755241,-438.06014378345,-240.353082152968,277.722320022712,-166.324477861294,-233.278245581563,-82.7313384574895,706.659656490797,-33.2573482089531,134.905721771304,280.21281989327,89.393721096514,-278.751736430463,-192.518087050297,-6.96886206480472,-470.492143108118,565.117149787907,10.4373316660236,-115.312656520193,-463.929793492963,-216.513388615207,5.18249807786076,-582.508790793086,31.0275059961302,335.251819673259,-417.211710879272,-9.11837975097577,-409.656758035792,41.2639887571264,492.994951215461,566.083082200517,468.067103279593,211.513238415557,456.95094517611,-273.196925790401,327.177372939146,57.2264623362288,-151.055301817485
"GRIP1",1859.49285866919,471.567667854707,139.343163478957,-890.989389591566,50.7397305088655,-164.800376062364,378.651665828758,-262.536793045208,-834.968268618404,248.482769982841,463.696298783262,340.808816150494,-55.1306093415678,-235.39908378971,-38.8796251085986,29.7659585034096,-215.728627528229,165.412420300968,-228.703120031928,216.438055149768,203.811358466981,143.191037293038,171.118352836958,-199.183180355636,420.76563643278,-44.4333861831299,30.3628664487344,3.2514462722134,-168.828459406812,-119.169179426432,70.2105539292614,-39.5267579902855,241.747255967118,132.598231129815,-118.106781718047,-125.060372805004,-45.7825367422027,198.013087712891,-1.13559435296021,-154.577038973358,125.435423080952,-26.6702110126094,-100.654953397608,-32.0923374455719,-88.7582590818263,273.765099207217,142.829164365732,185.549564487261,-279.216644785334,17.4187904643039,42.3889792982846,337.711449098126
"MED13L",4671.60962447423,1539.49852567137,-492.554059516492,-579.136571245528,-377.259580513063,531.948416217002,1133.62824176749,-641.780406095695,-1809.16960651092,683.890709483247,1174.82787091191,827.878825115361,558.498359825593,91.462547399558,0.990984606852145,-383.527302247837,190.231922434252,180.409756317569,-635.322431000315,-450.016742593736,24.5666910312411,493.405560248702,-125.582799147798,130.758686697412,619.947791044276,-400.602610030337,-356.194073968844,-633.131580127375,-1026.64643710312,-775.511725401166,-129.033556618358,57.4811006033778,273.040655667169,609.955144160939,239.58082059275,-5.82390875563622,-638.879197604757,-203.5263358568,478.859914283381,451.249161513049,397.120692992835,-208.022629054839,-283.419165976936,90.4025330261806,16.0403161217744,-106.920265585403,-167.654887490512,1.42686308610693,-680.064484867807,792.089153039776,-54.532828597471,326.661162339375
"INTS6",1545.28719253211,673.524545761708,86.2645861500274,181.683733802082,96.6125028152071,290.928157507463,135.282669821374,-311.533274928444,-311.278520460407,170.063954105409,432.52831813762,-61.1168301878065,-18.1172503426054,-273.214013526676,206.479256122304,-262.782093618743,-89.3718585475123,81.1808340017098,-122.041646302258,-10.901249829977,-81.0675792980274,-201.768947851768,51.9672000592071,-167.939876406401,168.347355942335,7.75058530982195,-58.75007598076,-177.370655609665,-137.43094682028,-143.215074352349,231.367941804242,-263.247229770753,36.5516584292883,87.7260291475532,123.891862334517,96.2610092140905,55.751906967498,128.778618373975,53.6223052025959,59.9820366796548,39.2713671071996,70.1074692297029,11.0394979266545,99.0423050936175,-18.8335952881096,147.72733740033,59.3473352318752,72.3650230029852,-180.959937129711,93.7179363904402,256.251073880585,131.464521140909
"CHD8",3430.63381955534,871.52342563811,117.097768582021,-296.780510885684,309.348414047676,305.505469946542,1013.63910133348,-627.557221161077,-1235.28405597177,326.383534844497,669.122010561087,259.473358991087,42.0366000358138,104.802907825245,-42.0653699011875,-14.3667475053598,-385.258744340656,-36.3349987535484,-576.695096770039,-4.83992791241517,-323.98530606719,-25.5168763592124,-29.6066981475925,-44.1209116664006,200.134594582019,249.678502322048,226.69427592109,-107.908079224677,-197.341118754798,306.265203947845,-237.544078571313,155.025565747291,-223.850960708396,-3.79413406572671,736.659659597931,-426.676174113583,-415.351055015303,-221.670217312764,-962.278063448394,391.058529481328,-564.589263982173,-85.6338349577325,-66.7561049659833,264.244778533367,-85.8473534587757,-530.500558071819,106.835905625766,100.36843574102,-760.555371251065,314.505365700348,766.12218875601,1021.9747745615
"IRF2BPL",3834.39456677304,1078.51982070655,106.163001766246,-863.284166726972,270.335754920171,11.5278284811918,587.96220319503,-1173.39811475928,-1452.03655216279,590.042714470881,779.128736294349,761.174270682126,82.0785950441725,368.665162195578,-235.05435261356,288.120979907335,-349.934914575226,-115.239213636665,-474.470411906823,-55.9713171975664,561.146942073021,349.60115676232,550.930421737081,-20.9921610739569,115.586749134507,-38.4754662833265,-582.367923926678,-210.693034382809,-645.358720890753,-423.327157070272,364.919179410237,-129.361867075544,75.5957139376323,544.37468800698,-321.147163708261,73.2235781730155,-532.488759901888,64.7084476379074,-34.5550322300136,-165.712756525321,-49.058427037042,-246.441126507973,71.8450272951844,238.023712200656,550.711080737397,331.813688742672,260.836121643315,248.887759800378,-220.567120674969,233.790958027232,314.725225622128,149.426969945106
"MAGEL2",660.673342005233,130.999185524221,10.4953044334347,-89.2879276143432,15.4501526341196,-44.2683915290675,116.717362579159,-196.875824204556,-171.105207899896,50.243760037816,97.9711996492007,177.871291220483,-97.0052056362129,106.836670252198,-11.0433724573984,67.9297273645217,-19.2176290740413,-105.616297224229,19.3207244141774,-79.0238048347024,-36.3247487129673,90.9500495727487,48.5899022260709,-101.884265892712,39.5603171234328,40.728385327507,-22.2792968519631,-108.773594367757,-67.2683443623159,-37.7089894149701,62.1795214743967,5.72563174821725,68.261219279567,84.7140633602158,-90.5065515210493,-139.188110935584,25.3615970042693,-5.4430439385494,-97.3082740499289,17.1073102767814,-57.9264214792042,14.7775704479714,88.0617997826728,-38.2577026213882,58.6618491441868,80.0904457317158,169.615490045367,12.2140120171408,31.5153334192101,-77.776114127468,148.534941435253,-41.400202703692
"GABRB3",5136.8721538612,1903.38870989357,121.945748038327,-2275.95954532892,395.544365095792,-349.755713570451,1808.99359771413,-888.688936795506,-2303.37389969597,674.237950116944,531.9074278586,1075.40394738561,278.397597133456,-403.460722554545,-183.265450237451,352.485033584381,-310.076594196392,249.76793431959,-427.020883413368,316.279308626801,-119.156553494409,-80.9701185965005,625.114264980575,-730.493262244484,617.26242085499,180.753777741243,-236.457392340124,97.6814129048631,-512.269803258068,-234.764129346239,487.948517849147,-341.527920874592,-184.763345732626,545.502408960283,435.547836769861,-487.523403806084,-430.188377863085,424.4434979216,290.514850880009,237.852954571265,437.403924699406,18.9786474915034,232.60201489627,618.499281786613,95.1163025412876,141.094104844939,101.775070951653,660.383727081541,-12.5239177375659,-164.866815396263,337.279936959369,-19.1769549682847
"CHD2",11180.0080800592,1296.79080140884,-873.075777118543,-191.437878485913,106.794939697241,1233.94616063981,761.593110773908,-2172.00456923036,-2322.48925071662,249.63580696429,2121.32917398572,-15.0285035198831,-335.594418394087,-56.5546938014123,387.809937107775,-368.274914730147,-227.767844686144,729.473793887665,-659.338258976487,395.205221232224,-155.736288493575,367.643324280352,-490.993258457224,-185.492067530018,-306.081870391541,44.8303283352533,-203.655564991647,-372.514797766484,-635.656996458031,-636.055497152975,576.700298794952,-782.710000946692,233.558677107633,-194.120682004561,-837.989246933271,124.078966333725,73.9544154474196,99.7110881996635,140.856845391789,-157.005282150758,-123.953576269736,-109.139821032695,-104.517135031901,525.212102349529,-319.606007761679,-512.620400036229,259.539236325796,-256.340010471943,550.186962885789,309.233215637788,976.785769900093,190.325384591754
"CACNA1H",784.810584428193,163.455337477413,12.9297223756499,-285.506016698975,-2.1647089056087,7.13966147580789,154.452932428622,-25.4145265756894,-239.829199719414,31.518696607842,69.3170292226873,224.084213304682,6.59902929062363,-209.308450147441,33.8077630880597,-140.180781533067,17.1023980425744,50.7239806495687,13.6032800334426,13.8675506475896,181.362346224559,269.396511415261,8.68658941192389,105.594598603576,38.079164039475,126.442211483878,90.5094909676806,83.5110649713758,30.4772383723813,136.176887431584,107.403956300445,6.70916847337993,56.1918617331071,89.5601651841005,-26.1093583938123,-75.7406001656299,24.7902844469331,44.6605284149829,12.652157863184,66.0719250615972,-148.615927003849,-6.13179285754707,-6.81320427615952,-64.7166361266895,74.8843401537075,75.0690344708807,21.1958043211195,40.9787040177089,-222.434228920411,-111.701444184639,-106.204720230764,-73.9976282679985
"USP7",5283.28605196523,1634.84070902268,130.11968957091,-284.381106130341,499.238886718825,-52.9786952518441,1484.89764527131,-994.429082792705,-1917.34551363934,704.82295100828,1413.52519527606,1226.49574369201,-179.666271054807,-264.624978424835,-86.4058495209104,272.993026291291,-378.317232554894,131.47819492419,-665.519854954981,-211.407333795187,233.909295615885,156.001813334712,-170.575173233497,-285.014146413336,607.876658603884,188.286957801255,-320.029563413155,-790.704030804118,-512.933799708646,-419.448463153326,103.085066712566,64.9559259563837,301.950916887532,-0.384405114200593,658.1948630063,-71.7653485821213,-607.83876052176,-155.746604681101,77.1118801172428,354.254253188298,68.5481859116705,-77.5556317602196,210.970819527196,299.733887903093,149.090637874785,-14.27481418745,220.580044661065,-102.703174542571,-659.993053753266,-221.340836288275,568.902028786879,233.596185951316
"TAOK2",992.309176119453,369.664795424687,-59.4772180536728,-56.0475242614022,-25.6593775397683,159.381927984619,100.322036730539,-167.889230238691,-260.281401695987,-13.6023710239378,219.666819685297,176.565087447751,-57.5398006114393,-136.139855866482,164.304555914825,-66.6132081278657,13.3812086534198,-162.375351062612,102.253676121977,94.2199769249705,-76.6251150860152,80.669844620248,22.3111375886406,-51.6264315842195,127.83188674898,109.207373147159,-0.168581270138582,-59.2375955993585,2.87956125091562,-108.543494483727,24.7922274099797,-85.7750639456152,-125.075379185037,-1.402531688029,-5.5131273237637,50.7748304337213,-23.0322203454415,-63.0679518947357,113.268773331038,-8.90392616971348,-20.9476177602382,-3.30891581169265,154.128621018094,-99.4236946738997,68.6148873895143,-175.876493249152,-0.478998931047075,-80.4578741101594,10.3223420863079,14.0508712579488,-42.0901496363109,107.266556128394
"SRCAP",1515.97310926387,650.314713451585,54.7902744269759,269.159101725098,133.104178035968,163.875423451814,184.926153374436,-115.605858127908,-161.942459341581,74.5437549590389,66.2623883164423,123.852356995938,75.2515152048861,25.7948770484748,-27.7348462601883,39.7987546211955,144.53374233567,-102.146240133559,-12.0101750517543,-34.2780499854338,79.9891536103529,38.2543120691512,-97.4955868781444,59.8769276233273,192.169874759997,16.0268824023624,-258.203259492332,-135.306184078421,-98.2557871448474,-12.5588734033555,68.3978851476435,-28.2404010703124,135.612608178817,-29.1057314777953,-139.262881698628,-95.1122828986478,63.0529441438865,122.175066444946,-46.3632705297267,-83.9609441388926,139.620421895089,-164.482337643843,196.917545629251,36.4091931579035,17.2543760940624,-140.048065549437,236.253880132857,141.776527403426,103.104142121664,-84.7063128911781,-30.2724687806749,92.0459290344742
"BCKDK",2511.41813949254,1267.06395303687,255.772210384416,776.169064804506,100.822344286207,167.25988801178,182.27861291358,-870.861397341776,-37.2819259202855,-45.0531327462733,-6.14881015684986,343.845356538466,-468.57566132702,66.0467278296747,-127.034272518684,-8.61843659958439,-31.2843350448148,-330.384424834875,193.337901929746,-94.4311234102776,23.8930642571389,-37.2262719442974,30.4370268017589,-103.36199186834,184.989357308381,-55.0602550642487,-70.0594274312858,-27.4578897156152,434.909288305748,-208.771651546444,-374.834290956647,-137.674432895526,440.066667346542,181.730365730618,-203.904610750365,-165.478086043396,188.333981967446,63.2277736708568,-103.012884860629,-40.1559178041315,265.42229222121,-133.053179198525,204.040172140395,35.3979889451956,136.480331254942,-105.782579617803,295.419619084924,-31.1838820195037,-88.4183689031491,-16.0938955380885,-182.302461005171,-89.8627698929501
"ANKRD11",11769.7417384354,1768.63392639921,-316.242140482234,-627.275281581172,724.346702061818,1656.02222128358,2325.66965060107,-3086.63645333444,-4907.10457373871,1373.26741030995,2970.88389033125,-263.996566413854,562.34328242388,-2728.27834379365,753.939827985481,-616.667344860657,-351.063725270721,1225.35506769163,-2329.47984085173,1640.05563540731,-326.869634435262,651.840110761315,-866.076136187698,842.733446333061,38.864462124597,-693.751492053179,87.7644225994146,-491.785378580398,-625.191560547053,605.299882116018,1027.88338675702,-707.911877310675,1573.43691394272,-121.921086384915,-63.3453085834054,-639.511461480425,-1644.53009556981,-1386.03196018132,261.824865921719,150.768626391644,-1698.74071844806,-482.719480893181,-1597.6554243446,530.908374039449,110.626292305413,-184.688183937069,256.016656002739,-404.49407750385,1005.29279722892,512.089859950678,-566.711201746245,-258.521250630072
"MED13",5686.02206964944,1580.04222062706,182.855313017673,24.8764934208395,413.783610067669,388.58873106336,1205.48407111719,-1086.42149945721,-1669.91543059116,344.138869085114,1015.08438681004,631.606921554568,-392.384594297619,321.085551011815,-232.771414803704,233.097887608682,-585.507687995298,-88.1407028887418,-307.022937413753,-108.421416910932,51.9429188646832,311.061016496199,513.08577236199,149.933199339697,185.96987693743,47.9309756762374,-204.882616856135,-309.700583615685,-676.929941701196,61.3935262934456,365.559529818963,-556.736129266795,264.236726793322,305.125957680882,49.2776582154505,-235.027572369699,-649.367457008391,80.6518863071144,303.140765195254,-38.1039288449882,-82.5780532746029,-304.535234835878,-286.898359955083,19.985421343931,-103.788810026905,206.471271087381,-114.147072104145,-171.845460004285,295.898225640901,749.694798346867,38.895047787245,487.574379210505
"ASXL3",2567.8724136665,863.962929106463,152.351357853143,-1204.32458898995,191.669593694741,-166.643035810878,913.889309089856,-107.587672518767,-1614.26166074351,383.285750065572,722.845005311903,477.566625743673,-40.9463958012188,-244.20236705711,-42.4430399690669,-6.30165565104166,-188.289582405801,295.749833900718,-40.9146288520733,287.353968514296,-449.721858662192,-150.25551002355,377.250955550475,129.344818363169,-71.9386220532965,-427.490312567264,-24.747710721647,-155.438263419548,-321.879412933898,193.12525218753,109.910270785641,531.966249024235,103.661131363515,11.3611363290557,-32.9911275305045,-167.597679460205,132.284852137287,198.663150628368,22.5116371892995,439.283615148145,32.457755765014,-307.001725541452,39.3534264412596,279.326512353947,109.348512496886,96.5545220958932,101.114574417044,74.2639000161222,-36.6833659207384,-12.9679777639547,-238.09907487131,-97.3706328791724
"KATNAL2",188.56437196494,-56.7969472813748,-5.12083773317083,117.879941991906,-4.59245403972816,33.0276270918999,-25.3068731610494,-23.1577849473992,-81.675356079633,8.36640663974362,-30.9046232930346,7.64897824817827,-82.2486958278267,-9.00839669319881,-36.6872620435965,-69.1116165034258,26.989216648427,37.4761552534317,-122.822236707576,-70.3466081419448,-31.7973526421118,39.1645502877025,18.3066008030299,33.2166063068883,49.4414406319387,122.534924855639,-169.382594929523,43.8377695554563,-21.9142658864118,-0.980526776422479,-19.2115858464353,11.2769689980587,-49.2842737518105,-51.0679366520554,43.2649659382273,-44.3072228775236,47.2889623678698,-63.5408750518691,-60.158938246183,-40.7673153346337,49.187229397114,-37.7133252774781,-65.093459288049,-7.42367540587832,-13.2771445501398,0.215881277808631,-11.3451221573945,9.17155765106244,9.58484727892964,54.2158703103532,11.8140080406084,-44.4047224934675
"CIC",2023.07234724092,506.654915137496,17.979393085508,-94.3830042199739,193.201247439504,32.985316656124,537.102501163961,-458.289417258391,-1058.68179621331,380.364959635097,683.072313878321,662.124975823735,-93.1640173911707,-458.11285898535,-26.9895503935976,105.974833141135,-11.4704617808063,326.272478961149,-230.334024903543,1.46675247497339,-152.260196912578,700.742867633797,-652.311295193547,667.679415104501,49.535477978555,313.273031929089,235.947670819112,-392.464677273233,369.532801483422,322.84162628856,173.877531997628,340.993420458798,-237.365261569856,9.58574844210321,-66.0519845672039,-294.026460857012,91.3716598675911,23.4046994976519,-91.3154167735473,113.503164559317,-54.6284365140421,186.271410431653,421.038393311431,-136.706950278901,67.9957091082378,-64.6064517549949,179.045763165616,-265.154894239429,115.951567004743,-535.364671668197,-473.299006735806,-126.937405605814
"MBOAT7",1857.01941324717,839.714121620148,67.726036985608,219.793677749678,173.522124028571,536.426911411146,270.639847622732,-913.258959018195,-530.402477783261,57.4392403299011,-41.0061991262631,391.639876283082,-154.308799016615,93.824174848547,-128.921554558251,23.6543037920281,319.065257857351,-124.016509295922,-42.4606039365814,126.858766865607,-305.391160760401,49.1856862705423,-245.358611787095,291.458352194424,9.01565494155865,244.09586436779,-185.831379304546,-292.802961166007,-319.696335559004,-67.1058999217725,96.328388040898,-236.918023142963,117.735642287768,278.673783972822,-83.1537041950192,-240.355213490817,8.56228249365468,41.4025968273967,-189.331372214793,-32.9996782653262,179.622315640343,47.0934629580151,77.6772798254547,8.26865198374477,-176.427938019001,45.9514665896982,38.1212952264195,-12.1328660418138,-118.893253497979,-71.1635547438939,97.5501272913779,-38.3208975193108
"MYT1L",14491.551429909,3738.57965059465,652.721392163105,-7399.57408448566,557.021268148663,-1308.9914438124,2357.21121478824,-1136.44608375271,-5531.59426466679,1470.59917900858,1989.41160966775,1526.98992147881,560.798497276573,-2248.84248682847,629.031671939237,-1079.30720722089,-504.474704900178,1989.21426519556,257.929234075151,-952.818478738749,1053.86414615378,1058.4598406758,787.18646469498,-1437.90232637479,1494.3553770971,1233.90788096479,41.8259110259067,612.829031843495,-1043.52222204593,-337.276603683493,943.102874729014,1040.06103327309,566.812744317752,1210.76699447986,-301.578844512158,444.01088860089,589.516055954916,901.092116016729,-52.7671289567908,-305.006745221401,-709.376346916015,-76.8751198160857,-398.472258120814,618.712572269393,-342.73288103735,1107.83788978698,882.465012872522,-65.0596342446527,-1733.77902247728,-363.164727942724,-185.863571349912,1123.84150688009
"SPAST",3118.59649500241,1077.69022900671,172.293892367316,-760.923438733236,24.2834273054386,-222.374735370084,576.348119498596,-345.626810308302,-665.995934836783,153.788640440945,377.188780995719,449.458077558336,-276.6277324316,8.85989943185084,-19.7589969109964,20.0323339209292,-487.020016475965,155.576639198476,-22.4280018583425,175.504838633795,86.8788972790451,-174.424507848597,504.005829829653,-247.84883712728,354.696455594098,145.61590873656,-197.261461878563,-117.683761769119,-190.278419743946,-162.734119242135,114.562719838006,-217.971292150897,111.43243311592,245.521010484316,1.99412370233808,-478.934682310757,-194.154920594224,37.0994015569441,-7.40300080228443,65.5482727786941,170.871754122492,162.761180237844,122.278765328057,3.44051938018099,303.967961751583,150.197461746886,309.317297056142,146.656142883324,-108.12330195464,45.0865426833355,13.1011391636685,62.5888707759585
"NRXN1",28250.7717398151,891.497806061868,42.064746955956,-7549.30785082555,1585.63415757462,692.035049647466,5089.53514199701,-7683.74338762077,-7913.37262695593,1752.9859832035,3749.68440148705,5701.30386145076,1173.6211944591,557.20632600684,34.1229818425831,-2478.69693232672,-2322.32116281908,5252.12327897946,3055.18162466735,-3948.90548153854,1020.39125350659,1465.41709333614,2021.50972927494,-506.42277263066,2052.92968795281,1670.97940572192,736.199899689205,-822.491600493652,672.596582445883,-2004.83370912097,915.900801563536,-1135.18437326596,-1575.44888471279,1682.0628478512,-1103.36199014931,154.106406496308,531.861248992585,-1213.80741823852,-1064.99868383043,729.52874091735,683.695836428346,-2172.69742348957,717.736006503978,1093.39106947439,1684.77201139013,-298.706092518071,1868.76756695962,-1336.76582909299,-640.768965904254,3258.63875308653,-209.681136449762,889.279820854492
"BCL11A",22354.3151517539,10419.4641922331,1773.41750780161,-8679.85185629458,-985.370039777646,-2484.36212695388,3196.3003506254,-1961.16195643931,-3910.14042954506,2513.78759280917,6594.89480261939,-401.572194110649,-810.379618033516,2620.42473699723,-274.600238031635,228.828752262833,-3744.11031806281,-1807.84942302271,-3027.2190627252,1290.77780858857,2070.06497955553,1749.96034045771,155.68305117921,-1753.5491481584,2903.8926623757,-3169.40940727921,-1487.50184982505,-846.21950084758,-5641.83789613388,-1129.92280187036,3866.96548070545,3166.69055308983,3772.41261993539,952.657042895906,1972.57027757363,1218.68743526974,-1090.7947198884,797.378137036222,1947.65306217279,-1205.18410777076,220.967710995328,-288.580225535149,-1107.09933066906,1085.0064792278,-236.310727879168,2485.23384250258,2939.76880428665,35.7765082474872,-1116.6574509754,-2719.07133064885,-153.289358813535,2546.87170479784
"SCN2A",4908.3761128326,1111.02246751329,-181.604245349177,-2781.67981951172,751.495794245731,-50.0821383401679,881.35381013868,-1511.1393561449,-3686.11915514375,455.008360455309,703.353038580766,2299.82494118166,732.562891164891,-2379.1966075511,293.262161809809,-527.944896720595,554.415991943667,2009.02383016447,110.95341488032,-507.922747206955,417.793909745754,722.763408419373,-16.4521794710342,-456.682371054095,836.777625392311,701.76201515549,-103.629985724419,41.1127216735247,-157.406747886122,-80.107469192738,-39.6475116586887,248.93028671394,489.767610564395,486.318421989748,-176.528696142038,-329.466586075061,-541.116942003886,-235.869205710335,271.038590491686,-454.898600718868,515.98446401419,-154.172743935676,-348.457749216701,66.9908359807831,606.140395785342,317.226218095961,313.941481365008,266.917291676381,-207.557745888232,7.00871113723381,-1154.69847221973,-455.839358015111
"SCN9A",3280.98382775561,224.892228801835,-304.233376177351,-1836.77670793544,374.848054571751,136.821480926266,880.473702391601,-825.126159051669,-3188.09800596051,635.125068296427,541.936542554098,2091.09866650097,235.524746628632,-1714.74777224233,324.214309541981,-405.074896769399,230.952567433052,1254.3812068358,-507.393387657534,-31.8128282751295,78.0753874377447,1265.17896824001,24.1877792220491,491.727987087477,407.838543599823,755.663941991052,644.168529823033,71.9245750877001,14.2171136528055,583.619278449176,-210.449801943411,217.032052888624,295.578016112725,-212.182936450017,-67.8644596169373,-41.200580321739,198.891901259929,94.8958042670247,142.879806473033,-6.60926893369504,-185.483039098142,-121.056461604418,-2.54307610328767,198.631929855419,-21.3743933996645,-3.95856857842831,-149.573156815895,449.724412112108,-425.749090550776,253.469397650984,83.8219376310335,-169.684082494873
"NCKAP1",7289.55691256845,2581.91055732178,423.8125798147,-2.14285683078673,387.210239203641,949.075889923205,1231.83242696307,-1896.53790024819,-843.896053889706,186.492893355307,754.354356450376,1134.62974348481,589.059446558186,-167.70918464039,-52.7801853590543,-563.430936635195,66.5197055736637,-1400.00770219451,-670.515738708386,367.017915703563,-516.268053241268,46.7459368140266,724.606685609795,-620.536190235394,-97.0070212150971,-57.1911439220622,79.6809737206048,-519.963636962167,-347.371993120542,-55.5070731272984,512.884273429221,-326.952353141966,286.594498967003,448.404684916171,-104.818316607634,-202.602468195477,-20.1208512412882,513.71149156908,-357.70390037311,-370.069470493227,369.853437050972,158.18585516378,-342.466466340618,8.35714412747456,-0.534347555875481,-306.276105472864,333.956827797589,150.261242872419,154.159665020289,270.455018668182,108.110374593472,80.9321323293263
"CUL3",3495.89318584875,1518.49710189966,219.331625918091,-123.952320761164,213.30938130388,-81.9636183839149,848.471266162782,-330.737264113608,-695.365880340252,295.933154018417,518.016652529563,374.234585341619,-214.337400954525,245.295494062385,10.2291176484804,225.903731436403,-177.778871118514,-344.272546613742,-293.123830661021,-346.595373337688,202.651925173355,-160.512902318737,549.446080000023,8.23917496679941,102.293519355552,-86.4120634592611,-47.9974239089326,-173.028291025646,-577.142387762594,-33.8465037419653,-4.83914788585868,-191.987872467643,302.909211806583,376.560416605432,-216.831186877828,-15.0374833546924,-115.873864581726,-81.9611654615811,-88.9262958509311,9.96723136804398,99.7735693013871,-52.5451002863933,92.2995668787552,98.9014699438992,193.577349624218,-82.7223051711492,124.479015769745,178.348697609851,-186.214406153618,-12.4030552382601,-190.803537036814,-42.7577058826013
"TRIP12",4063.50851756919,1589.22964504805,246.475873210751,-56.1964119318887,204.052667590298,420.26082606455,258.523942315406,-851.5688623666,-732.088643262522,330.225432545307,1122.90053590541,178.498170546218,336.447569096297,-80.0308496003108,-61.6324770230258,-172.340665497492,-18.76842220624,-409.97007364599,-542.888166025702,257.992085271573,71.5455413589009,5.70659018298019,103.342642714108,340.456184397623,246.984297720382,20.4280449679288,-126.176372829908,-239.535881750649,-163.28001484921,-238.791199841389,302.76182322544,65.432711130286,-5.46176451555687,120.032078103853,-251.054273334086,16.6079056098534,-179.690792840007,-36.3462004287487,85.8723223799878,298.731586125582,301.463099815473,-79.2646646312712,214.574670265697,106.73547857296,124.787141336177,127.217618747604,228.275929535964,-69.0183107666252,62.6516712445666,207.040548041928,196.135097016893,-82.0688216199275
"GIGYF2",5386.58929795944,686.209588037534,-215.919075289283,-346.827488489312,-192.436910546822,235.767039626991,742.782850848655,-889.527564811013,-1166.02953488301,700.428344192479,450.071851921798,-12.5636202315887,-182.787262695888,-442.77602361596,84.925277446979,-221.610292700305,40.8938597787927,285.990065757783,44.7106806569984,50.8764875248719,-164.087618487395,-48.4565478880163,255.025180536274,-17.479199683188,367.15989095838,169.262546746361,-494.013724958389,-66.0396191844354,-604.979644212627,-282.315543527845,66.4192629220034,-196.070304190485,9.72865362789299,183.00361071722,-308.407630640369,122.762418898194,-14.4528938783925,-454.55568248973,-250.415481671604,-133.051146754183,59.3245753119227,-146.933655713964,105.752481066164,65.9571819888125,369.474509955285,4.21781800864849,10.2205385644548,215.55536851935,-109.980341048943,397.967947843368,53.7588615507226,-88.2863367449003
"ADNP",7259.32767902658,3007.94139403641,369.096234081744,281.419224108098,322.246948287365,-896.757246260144,1369.87309786823,-925.952299863059,-2053.24366650002,552.329680552731,1598.28355460629,913.987954559324,-264.267684894404,565.63451349737,-312.193700850032,291.045118768784,-795.592176685331,-577.470169738079,-1298.27321656957,526.562587574287,-198.487730750114,-408.87557829489,297.698324468588,-546.981630410883,214.224368215426,-217.516480034238,-88.7747809182444,-549.637608933829,-1381.44037567528,-577.14350714282,474.188964487155,-693.609077593623,674.403780637822,-295.430685379928,630.040682989896,-123.804675239462,-143.500941188843,291.596594492636,-408.793902208463,-7.24258039943346,142.26642691414,41.474841638298,660.884181784632,-85.1766784052115,532.478858515102,-185.419724787802,-3.0733040260958,-771.225539118987,505.61821505446,223.669790456965,629.689174854519,635.540597313024
"DYRK1A",2959.19393227475,1064.5208333877,154.782323617526,174.68753314087,142.31657737032,-360.199522376093,618.033821692126,-354.807960265432,-657.409760036098,91.6812005864034,329.266914470061,325.025230062126,-63.2047157602677,-21.792726009727,-4.00367648620932,89.6247422463612,57.5851565672917,5.84020701253325,-378.755113229325,124.33023716062,-397.668806024135,13.2886618558983,-17.3563469405284,68.3561738783095,338.314401073713,124.448966075724,-195.016915870255,-632.970553456625,-262.035473681414,-92.2221470254662,40.1790945752639,84.5043391337156,-101.631865504083,316.860248598004,103.887792127566,175.922957298304,-200.599940414183,-60.8222993702555,70.3154668557975,-75.0416489764108,226.104725184343,45.3774045312251,162.045060653874,67.6528267483987,-130.411001163944,23.6073589634508,107.997798310747,18.846691928156,-54.4003100059414,141.791656529419,93.7855790826455,-234.413460915164
"DSCAM",1286.63767903449,247.714188132794,53.7970020092974,-429.053947103901,7.41127247433308,54.9377296258563,374.556022307096,-85.675393630888,-427.077401025129,110.385574806005,-59.2616095219576,365.127238681216,-26.7194958809593,-176.804929441951,24.1523836165009,-111.562623470451,-151.053784210264,259.92506033678,-115.783116240172,6.61388348976516,273.593132283497,-34.7154121479361,-88.5341091654925,-163.961010514574,303.741432603862,12.6562066560863,17.5242935630539,117.462700698785,63.3404987227598,-465.804242010717,158.046137028731,-111.540995969536,-211.524767226653,-80.0172865519938,175.969092144289,6.45203908828642,-255.655877559611,62.6061878421131,46.3770730970116,268.111219318258,225.092518332923,-24.3181404975578,-94.6596876031603,103.699677103357,-4.15548184827586,27.1072316432994,29.5160021713992,82.4361142868715,147.047115713637,-39.999266246553,245.555920403115,-291.476549692514
"TNRC6B",19335.5510283009,2750.41216636482,111.083573640894,-1415.14059138174,695.228466391177,755.464354472172,4321.8688820952,-2102.02217851986,-5145.35730450092,1340.07667650316,2428.9184784406,895.790669379209,276.029659016365,442.049830679643,81.1668062483419,777.569145270176,852.003792312019,2391.97577200677,-2372.0908221382,-619.128898916986,215.245750225558,181.401604689156,331.665526897337,338.612975217329,1178.34274150303,585.644402201383,549.956264406864,-1680.80781654021,-860.954832825173,278.399381129403,-244.798736377688,-1424.03961329575,1369.51271351549,993.482052965681,-284.73853399693,-1069.73202510752,-825.04894946198,-144.859485886072,-327.047162255881,846.734880901848,1562.88574426194,-1583.61405481552,-620.378175904144,1053.25443858928,1611.92098941612,60.8948507821082,830.405588152985,1185.47856540338,-375.059747998172,911.778561594073,1172.36688136907,-217.381473894255
"TCF20",2442.13802410652,500.630180219309,40.7904302389844,-517.829061829288,239.710684108517,197.641621126759,537.127565972075,-215.431006973393,-1181.29797866291,326.455784418814,681.328452143058,624.141713041554,83.2568564473291,-175.228042466338,-2.54319034754045,29.6986978171935,-223.07126895255,-39.9261053051772,-242.702525382806,-88.9781171887467,14.0916543427186,193.834948235331,46.7626435736971,-91.022617270177,528.865505812698,53.3744199511362,-33.202460537277,31.8535067787491,-104.419668356537,-399.453481397699,-85.6559507994859,-413.431150108028,-127.754921189332,271.564907638579,-40.195072366211,-330.57017146465,-211.803914715068,-10.8111455441849,-128.168561980033,-0.188795773083806,31.4694034053717,-10.9490367920397,23.0526983189837,-174.939364022743,-216.334057215473,-29.7263010305528,-101.520261242755,-94.0926493797977,136.571720414592,86.0399551571272,211.343217728341,271.784797126613
"SHANK3",861.316652761593,168.023635853167,-35.9560037490305,-175.589828543854,151.837792793458,181.928710018889,109.538111256882,-302.417948827858,-364.639567615493,124.811694381416,212.010807010732,212.175629940253,162.951671284751,-261.67241684607,-17.3007051339505,-163.949269009121,32.8495051279705,-151.674726605204,-131.563746886832,93.2613818432468,-82.8267726986379,270.79890808124,-110.441565017676,134.937073446723,57.8650929982843,436.500725431699,62.1081285258355,-207.686444980224,7.05839839781207,-267.886483315225,-331.575248922177,-37.9488410421119,-171.85294006303,-38.6638874285654,-44.317033317986,25.0627763680067,-42.6541141230478,83.8290372683456,190.586546603966,20.9503126642252,-210.463784323272,-24.927816584669,-37.0092838441099,10.3911042087033,-34.895086414565,121.134407922844,18.3861316692848,124.562333981871,42.5832664190137,-129.38865339286,16.5029829114198,79.7091594350082
"CNTN4",1779.00403873157,18.7913925531142,-39.4058428702698,-181.652942604744,215.347613757454,14.145548564242,683.550983099784,-212.548315100901,-779.326015712184,236.983106418573,-39.900951429008,582.133041303083,108.166339130601,-448.312684374721,-49.2014729356957,226.563709760797,353.505264059307,-87.0976071926262,-292.488235153499,127.356253700877,-89.8942672085393,27.0159915901182,-25.242650505332,-74.7127252262294,-390.669720513349,191.386750745083,-219.434692940265,-135.502029320759,-138.834047856755,-62.5887862740575,-111.542225025127,97.9902804266569,501.600936879714,80.749872388008,284.185669721603,-47.6646885449282,3.908169880547,85.462314313238,-177.981473351651,-237.264048740635,-152.378004963435,86.9990127192492,34.0082110704184,-47.9965655794557,168.705654043133,-247.65204827276,-156.549433487782,309.593961550012,96.0875779493547,237.940774671208,72.5312355091477,-353.141369452194
"SETD5",5800.08737092006,1376.20224782047,248.332696915389,360.974246647355,343.310131071651,478.264904370693,1202.38524279326,-1401.49069964864,-1308.95863960935,393.744948898902,808.88053761901,744.957796448502,-71.4581804664131,42.9764165646132,-54.5560782524237,-140.702603817594,-37.2715244437112,158.514789960873,-789.5726588043,409.800903512186,-96.4390891544996,284.265999424964,-287.978232439609,221.73006009743,314.327571160538,101.401602015708,-385.09748857565,-557.175491396731,154.705628460447,-863.963281112859,72.417136325119,-406.91417022708,193.798383529975,17.1217320245911,302.431802371675,177.921447421369,-78.5668621911468,-191.614083129802,-27.8681531052954,190.24805939002,-87.7013966850989,-323.592363293445,41.9197361916773,-33.0171760962206,550.513259467279,-39.8655493717926,72.1129091571246,381.754628088855,75.9126948673076,373.734759575524,638.198075933237,-307.035401941338
"SLC6A1",3766.90794625343,-154.905513195864,-208.11782411589,618.563479978702,553.993089443873,1586.66054403732,266.51321338531,-1606.31317809327,-394.42186960819,268.768738520222,1021.54738780705,1504.24922918777,1537.21097689142,-458.58155809513,565.734525990135,-2685.30625449208,-431.024511118416,67.0297009492366,476.637325370406,-869.065064168636,-64.9193113378672,-631.158956564674,108.447420292736,1022.61457752243,340.234547000418,-289.677036233514,105.675196127618,-227.077763044674,-2.13521632498434,183.399852009202,112.848711457888,-586.939757450479,487.158856314815,245.622581559886,-49.4591019116253,-594.515502938303,-296.499152694827,-121.429844343752,-757.836004458829,-137.024848861371,-157.561106687728,13.272289998266,271.466980095638,-280.499927482681,453.909500179065,-251.405518991481,19.9958763439842,-55.876859986265,-39.8252577269591,562.551410496457,-280.451051727701,-42.5485962381162
"KAT2B",1264.1004266216,96.7448668582946,-54.1159324624945,260.306972720867,28.1130306527994,325.847177689412,310.874063503481,-800.477898537202,-37.7003212250711,-19.4288156144069,29.4606935861959,474.108734509645,179.724856584784,383.311320008965,-379.119742872899,65.4820214575809,-46.103827304098,150.894267116122,78.8122059899974,59.3412034111397,59.1348866853057,-237.508914917869,-17.837245233062,185.90142138805,162.709131038294,134.078341066648,-70.4801468683717,-46.9527936761127,-114.369861903514,-382.882315243695,16.3190466568119,-121.005953903795,96.1374222547797,160.381216760265,121.339572075617,-52.689741455182,45.6420685005015,-139.726393838516,-2.63295049346413,-16.0356830196719,153.87937831725,-126.732326363086,363.920048313215,40.9905339821691,282.149192883409,-132.343117575952,44.662340777615,19.278669264504,122.590640411967,272.322667839321,-125.641620909987,-118.198825540038
"CACNA1D",442.720984160063,6.9861996806545,0.32897748779866,-27.1865062910824,63.4711226709528,66.3416112518817,183.54173429382,-148.591404962502,-256.354625116923,84.8323773305041,53.1590009707637,107.610989697803,106.861688185959,-182.46781478809,27.7919630964221,-75.1253406576379,11.6217093149258,164.943826248923,-60.5993047813425,24.4016177108244,6.92278320257553,115.194236202236,-95.8405761546459,84.8024132720313,180.217051380036,72.8185623267934,27.2774958415009,-73.3560340998694,15.3129874979467,81.1735790429382,145.468977433225,58.0152883621304,80.905059734175,-28.3995528272161,1.79940971938972,9.28372549239829,-2.06549623838493,-10.0222792571945,8.84688928634697,-20.9586045719376,-85.3859189005874,-32.3324509567047,-58.5218309778457,27.8173792141501,59.8532179047184,-3.40260909564392,-17.3033631192245,-12.2058827285689,-69.4807467828771,72.8552626634155,-12.6827731209304,-27.2899085010526
"CACNA2D3",544.758920312046,89.6385622488747,22.9073292054096,-248.602575562628,30.5995433397135,-137.516658508519,184.944379488295,60.8964840152135,-309.673077112352,60.942644375937,95.1065511686024,171.812328388133,62.258737783797,-25.6278735157995,-31.256237754606,-208.202101245047,-134.619763566773,72.4283975181144,-29.4243144879643,-67.9815146771951,-53.9965167294265,20.147613182057,43.5426994315447,-90.443563654413,82.7912553870474,97.2010020905746,10.6525998272334,96.7108746148151,-28.3686436369598,-56.0640685927152,-71.9256938511859,-8.89418663422306,-6.03989222915397,32.1448835521244,34.541699686073,-102.906408298191,45.9543457668706,35.363659933821,12.6857374550263,-132.650539375513,5.95673035329367,-101.344686764636,87.5330412944727,78.4623705669894,138.405183710808,5.42414593145485,120.967314888041,116.87109949877,-201.863145150889,-14.4848305135118,-51.6292913782974,48.9561384324403
"FOXP1",6930.94557992135,2506.54249594583,95.3415664695434,1154.89742570625,582.503766204303,555.780520943886,1595.39639849234,-1220.87496971918,-2343.60788717378,616.431230106602,1363.72710803095,790.488845652987,644.159549871939,-1441.17125092518,83.0490518449455,-144.097951348991,145.302692944634,-538.824216821055,-1822.20901579235,761.036595555561,-1233.89678425309,-378.067279253477,191.132688600894,-124.739521555735,-727.033806251536,443.249296358411,-383.003666643385,-998.191632845139,-692.552105540645,81.9414955357545,-765.569289824954,-174.946864244175,849.355233151144,106.092452257254,-184.743439598392,50.1735934927791,-110.761791310211,352.682854951297,-174.766933211301,-801.206565518497,17.5353671477398,210.20127343921,-295.055035315003,-431.943174465526,-1022.61318286903,-516.051421046939,-235.911122577293,131.194448814515,-863.007361471521,953.534568660196,508.184778421324,151.907766102546
"TBL1XR1",9393.183634929,2519.60036937716,13.6716157615641,481.887742852356,647.279822381974,-141.454625137771,1788.02635404904,-1694.58708527533,-2761.41783057245,632.495348789044,1438.97195307971,823.031076796344,80.9670901609015,-18.3107990332228,-430.471463689594,915.579578553342,-599.392443161869,-252.108671278799,-1441.70565191641,-608.600738522319,484.022670191817,400.293141395888,-690.399313410704,-372.312499115099,-466.326317374459,419.135088575413,380.180646690503,-587.359279681594,-355.023368146158,229.225342314408,395.48864780165,-283.500055087353,-357.851444209522,231.925127867789,242.578374034807,-1186.3348993221,-295.929091240499,-355.220114815576,182.21686253014,-575.903933624317,-45.9346875899275,-360.141261183062,374.195103634811,6.72537543950407,119.619557290767,-177.044826218457,-313.891004970546,403.813634479479,-276.306185561142,646.878221978742,-920.934847797117,534.576040883216
"WDFY3",4398.52041543603,805.119022330912,135.956252034452,-263.251771053336,328.590141735189,119.74948428936,1143.15184731645,-817.181935724767,-1584.64740620816,436.495997761934,1164.63799594703,805.506838929223,-30.4944170658167,426.166669993882,-228.452060974417,99.2525753532547,-595.327992527695,44.1201715629934,-980.042288729649,166.245613786207,-362.783544925763,-7.08139192410317,130.449302269276,136.405519135476,772.510188315126,408.986812728981,231.911852161815,-509.728924795999,-767.257992812536,-6.36162921069586,-1.67706230763464,191.953654653934,54.2602067690329,274.685684156067,1007.12955014016,-780.482359357213,-494.213614060632,-709.879443908144,-702.333800066362,131.231126763173,-484.558746637653,-359.612743454171,423.768696386483,345.685673109039,313.524395395348,-409.498604337992,135.556516208066,180.922954465148,-620.301785167777,357.632742268979,786.54775560227,1416.62524185017
"ANK2",14195.73822219,4437.75103369261,-77.0699669014645,-5501.20718816296,1922.67870004488,389.250902420056,4873.4870721713,-1648.18389629292,-8156.18158800992,1300.96165616874,1080.14849315375,4402.21494530142,1550.22068948562,-2941.72733174799,-221.735256410659,615.406678195952,-95.8992058501874,3570.67294823071,-1351.77260223756,603.493219122112,-3142.41784728388,-791.888856862902,1069.44537252084,135.776472494733,-939.677078882366,-279.146408081351,-457.499156310511,-414.898049192547,-1031.77978932779,-676.948797918392,-103.528522065132,1233.46110780624,244.557709625243,-1320.60179484441,-1400.22329168545,-153.071584185372,-894.580940479345,1018.2003020718,-390.041070450455,1678.74570939321,60.390618185351,186.629675558595,188.784646068657,492.488380693897,234.246743513947,474.164183700388,-668.70770081795,289.940910795975,-564.057491309371,-280.064178186517,-1202.90405088957,-319.558100848541
"NAA15",3960.45449921805,1033.30033803899,-68.6693665659382,-165.051349328777,90.8206101541033,73.1762733046327,539.306420149643,-641.98410124642,-641.213339353076,170.222092456794,632.184618927862,360.422079635747,-384.623671004283,113.204663623204,60.8592126389035,1.08252283068117,-34.8446990908014,126.262236644295,170.026801673028,49.8430144728434,107.376574281778,152.375472301905,161.469057669942,-314.772288570201,211.859404859633,-447.885537197542,-198.870547133856,-183.584165136637,-23.3208765785716,-520.233185419806,90.3720258963392,-240.091356790144,-204.917784585531,-45.2622089358449,-11.10701810025,56.7018952823241,134.328416788746,-314.936129194899,-10.1271769270964,-571.734805042211,146.445160676441,-426.407581567099,264.553539566602,-219.62562180038,217.607083341786,206.781291221696,37.063873540301,-183.575929288411,-193.480600117594,117.281856397717,-56.0577577477523,171.844349261522
"CTNND2",9079.85021263699,2910.89372727741,98.4032996839374,-1489.35294753502,1054.74789070644,582.197399185692,3645.16647018833,-3611.16172043093,-3279.34204911695,601.356705493852,506.679199420115,1931.97955207175,1285.86860418854,413.601432486732,-407.345052716573,779.391749058237,-389.644067526347,1221.61595412343,-568.176454219305,-761.414950874845,545.950382040098,851.881868722139,42.1310097359313,-487.709219213787,754.218264568389,715.333496424957,401.15910577111,113.508278007372,391.082221796582,-591.240120627589,1220.73582760562,-0.348998922572354,-696.501387816262,179.49174551177,241.124024733272,-60.0371878864552,-1360.40915254242,868.936740391326,-324.274204167769,305.721322883879,-337.051025344644,281.543890499445,34.9151914386509,203.791743372755,295.169192380804,330.32377834077,74.5190381878304,805.629068428757,-992.636919321264,-307.248940668944,-962.206279820291,-37.2401795695112
"TRIO",1891.28131559716,435.210103278476,-29.0785239251605,-99.5844001961936,101.840621012537,374.686679455996,401.730096478002,-381.511562767978,-828.246383449961,229.368881007965,374.359487050537,678.609496424017,239.575695400418,-321.356749806995,-114.195990392457,-306.422701207187,-1.6658211156353,225.550196002659,-105.648804363312,-100.219318973728,308.320922543986,130.867081904431,-99.4831279873323,112.165053303366,99.5912946839856,47.8101242291817,-183.803979239507,-111.468415810483,195.072041293994,-316.766647681742,411.612887902724,26.5616658593452,-237.302911768919,-40.6768541758493,143.067641065407,199.557551345353,-498.153961379456,-21.7177799079237,259.107587877176,185.903054624213,4.31749687168293,-221.473304967087,115.192021068044,193.545059761134,33.7091426812434,-25.4356202661783,-187.667474710122,296.518872374817,-200.413761162238,144.728095466642,321.745397668436,-265.77602729509
"GRIA1",6397.10829474348,231.727286197204,-136.150515500532,-1147.86845142779,359.668731312252,637.688533923457,1230.75650122624,-1535.80009341998,-1962.97294564951,736.375629012503,927.167808120802,680.924647299785,944.478643592331,230.828674082177,91.5638641139178,291.449335235948,63.3372317919927,993.239014395221,-87.5833891439769,-699.520350013338,-1.56321833858386,274.390607381428,408.086105793276,637.105296830157,-164.571835462908,246.391825011673,378.962197276494,-612.48673692992,-264.581890665825,-238.370874831388,-95.9462976326946,-454.130924757882,192.65842232427,30.8597684452045,1413.45665591919,66.3867030573138,65.3913522192141,-91.658846148038,-232.66488393184,-1093.11322410565,392.691484231464,417.60926432485,215.893475916307,-392.030442849305,384.586424172632,-470.757135300281,764.652789820607,792.487905157915,-470.726407552838,527.925020245964,191.340583418135,345.584786659281
"RANBP17",1116.48156599416,441.547639381406,112.53141271114,391.472426927873,33.0094178307345,-166.073582056908,185.692439860935,16.4425570170317,-176.194230820476,-29.6343776525453,48.7092229926381,430.066673783397,-149.521110584252,-277.126779749762,-35.8793943306965,85.3976854166268,155.533434857199,330.861020434135,-128.827314020151,141.622981582388,229.951229527587,262.23540592005,136.941366418579,-19.0727126550883,-185.856432565599,-27.8704911903808,82.9514677200075,281.454939009466,40.7301067270744,-32.7186382903237,-219.293466296421,-198.73959686298,201.080445573133,-2.47189539782935,97.310808798193,140.625128787409,100.431297020838,-291.926876531589,-10.8498576112511,-2.99129388597768,99.6003285834313,-215.393137638118,-55.2382279729928,-12.6892910819961,149.843204635502,-97.2126633965375,-167.20147766813,92.3017239386505,-21.5688505007311,93.3295597526039,-20.03667061165,-177.393337451872
"PHF3",5500.22178372466,1005.75782258365,302.799387464542,-295.151523130796,297.367028941863,329.239477886076,1014.48719159121,-531.26737936783,-939.359602362005,431.864650971463,878.253269494493,171.936623156018,-467.571063117622,18.4463071377387,-52.4493877549931,178.890671951543,-412.631563022357,-178.896166647632,-316.681221672375,338.166114698321,-301.818238454558,-127.41515249616,74.9727218931718,-48.6764245168746,430.546650890089,-68.0206303553704,-358.368796694935,-309.074945952009,-665.328016726172,-388.75218956212,75.4730891776904,-584.352224364103,39.3952484942436,277.737986134519,-195.479412299622,271.17676280837,280.927416551284,102.334954793286,-114.767145548689,-230.088505629549,462.556789264349,-5.86641850266851,331.644639206936,502.888074006707,-205.989744688446,98.8525826058041,126.841148432785,511.98994391683,-129.898328690305,374.225243601558,487.20550126207,-85.8553120448251
"RIMS1",1954.97836135916,254.150462615106,-10.3367108973501,-933.60758003974,148.708633382646,-45.3104884105929,608.441047648757,-332.866316676813,-1336.00232558996,396.595862128276,206.736611350249,647.618675313698,349.054990297723,-611.948785248062,108.054950533027,113.223426061214,92.1223500971257,398.304017196311,-182.730112037709,-16.2329723639438,-149.664271627791,132.345271428481,152.70165440032,-145.933570102738,235.719987909854,223.2539548812,37.7371365145908,-131.260754098752,-115.352119391246,-14.8850988875872,38.1647438548735,-359.116605968311,198.56546294291,-102.406319219178,283.53890899557,222.474631257667,-230.491817583299,317.870564571818,215.280972922807,261.457028182373,-382.895241508508,-130.233591736402,164.493328521718,183.591321509768,-1.06224895607745,-211.318997180503,-13.8342469604197,340.020646329883,-216.922689694847,108.310668133102,79.1154691426488,-84.6418152775658
"ARID1B",4697.14321515159,977.411570116275,-45.4863901879577,-621.931233623688,248.156010938558,-2.49641418509095,1165.64953800241,-459.829952851517,-1636.60470418143,385.261039693247,1050.55460783671,724.497923471553,-377.12036629878,145.000035514437,-89.2802865250717,-294.608098670075,152.622309408256,148.219469243171,-231.755947232091,-397.528660283253,77.7044554842628,-34.1840788146321,11.9196931068684,-114.090353415679,391.439604484221,219.609333930449,-360.812240398185,-706.068836550157,-545.768787364241,-630.746743253972,244.758924515866,-39.6074226038093,347.149021231719,419.268371382028,-79.6985474055895,-349.150603771842,-186.252154549678,-21.0953648595645,247.550773974405,-50.4351951622574,110.006897492799,-192.176081734056,137.193256478035,236.408711755301,283.174863687448,-164.246813187925,-86.3691690652302,-202.663555017399,468.861585571427,181.14623812592,555.253032650384,-415.241634767559
"RELN",1298.90482632352,654.386140154082,69.7941160324962,-698.823715075552,89.0317912818197,-19.8216090425751,237.446420088165,-224.343368017897,-605.018557060508,194.56718373649,300.646858286089,460.763625950888,79.3889840781341,-17.2198949083727,-8.5507271276827,-161.972690953223,-87.6958849619432,-131.112064206078,-192.652978737133,-56.5587847531063,-119.57985426694,67.6342528057519,265.530893546906,-143.240338449441,-225.934153474258,-157.490265647062,-75.2850548025292,132.812845525843,-74.12390888947,-210.039785182663,31.0750372876898,-45.4751512699947,261.01668671529,188.774237896998,273.169224844254,128.590102225934,-144.929233234434,430.811187601257,200.716860629351,299.380882771224,49.5077038238913,-262.331145742677,45.7228500860544,36.0370802795196,146.344429553622,245.372139236339,-83.772315251338,50.2479023935564,138.475961042992,-117.13859182023,112.242689934953,369.506725919341
"MET",104.21976349754,55.1183699535309,11.7552247517995,-68.9486709286482,13.4425445153669,6.01291882282081,68.8664526571125,0.737084257767016,-184.658460174232,23.4378259682406,-16.2645401634125,90.93067927081,-8.2042886051218,-81.7262113113745,-19.9685158013483,24.9595501688215,-18.0825408148207,82.8640369846915,33.1578016298409,-22.3911259839946,-22.8196663875801,-50.9856857975654,25.5037279775825,-12.9021374685234,-123.077312079769,-1.00379520434787,66.8298702250873,26.3890927818537,4.11958696638484,-19.9064304524129,2.37642220910089,80.2951155333894,-36.2982240892826,-66.7654776243751,-55.4488937752247,148.760210874509,2.03689174513523,-41.1805464650654,53.1989260354179,-50.252982721739,53.7400644459186,7.74642693311118,40.192197466693,14.0908657527485,61.8693063331761,10.3273147978075,-60.4615360676056,60.6336639201489,22.7544780214727,-83.45401775013,48.7047742150281,-9.24490796682771
"UBN2",3650.6321352875,756.274108468976,70.4910634777844,-458.069109636014,247.793881954115,316.652722992864,1085.60702197968,-777.82675764079,-1792.12071590626,659.848668103598,1005.48725080284,253.682838204695,134.425305363509,62.4529611940604,122.926277909038,0.520977676476743,-501.242486175149,593.904740140274,-486.756513467204,-249.728406106019,54.4300345296785,319.001454644153,224.426256009827,172.7837346102,577.183525506927,74.0695720010707,38.5985678174062,-371.108181212513,-172.644692875818,-366.543988355233,239.115884811379,-488.190255899013,234.63128241384,16.7036585547895,-96.6928101770115,-123.70954692565,-157.641653287097,319.69299067271,118.494370688308,-272.788342041447,59.9750504203288,-53.86245118059,-8.55392332695311,-41.2944938634167,136.046282571058,111.744407664765,167.958768418865,3.15211958875184,28.7380205468338,120.632147312902,252.556241658674,288.395919574602
"CNTNAP2",5441.8987036889,2291.27719534451,416.549320714442,-2791.0445644496,-485.462121685655,-879.200076406089,453.145004652709,-971.977453296522,-744.795477623276,534.861764737877,2467.42013274131,357.008039654319,-802.275597233658,757.248978266677,-33.1095991174622,-566.588352288519,322.510124001064,-32.9830736943228,-805.196904550343,1346.27903213264,813.969070492266,1067.49579815365,46.6922060385781,-831.125630144933,-200.696528598016,49.1090447320518,-769.91190362158,1170.90880022958,-1782.14538239383,-121.545557501911,1128.91834677127,340.873355380904,1147.79633996982,817.531912513291,1407.93090001826,695.585009178114,1119.93996082904,-95.3375786601052,196.702706146272,-759.013953040275,-18.5713078077326,134.184207818904,64.1673564633019,526.928161330209,43.079910580664,322.998704153388,1034.42708011261,694.974729264116,-1122.60999334424,-780.705921942128,-328.242100108672,306.954420248927
"KMT2C",10185.0212378497,2106.51276849103,9.70273230630685,-1153.35733571448,568.888092481709,1018.66029794141,2233.38897167823,-2016.61651807758,-3732.25634889106,1037.12471900431,2244.50379140857,1207.51813923893,553.423282764329,-404.161809292184,-118.693001073832,-480.81200882613,-713.246108706244,997.044248034067,-1864.1120904074,108.930813589549,68.07156767305,1389.13130712011,-441.546174213628,-59.0637571959025,1368.2263279735,831.516108186183,399.150972355817,-1048.07607597239,176.487348714003,264.273450944585,1450.66001386713,101.866642635747,415.439176731201,450.12576390053,-493.92371307985,1159.48310036159,-925.303529837963,290.056485389756,-110.392853624495,1.33764892589312,-323.547907040117,215.288909959514,256.586237563427,434.362661829691,26.5571322893297,-602.794470321801,-304.168439502066,779.382727853441,69.9112181562745,507.415696732716,646.55339961275,295.418163036761
"PTCHD1",933.766711832106,270.045757663376,34.9221901415311,-148.708967428547,64.0745363924318,-51.0867590185993,325.738066050414,-434.011663173138,-369.567757501834,17.6358275508176,-72.1838987743938,358.133100407071,-28.9654744199355,-245.074285107089,-57.3379276082103,120.934389452864,-2.73734701478473,210.220424393195,77.3652112021872,16.598631279208,-134.776312767913,69.865077867653,-105.448670769627,45.0385502112572,87.542031415371,63.0557406251926,-7.23815338576015,-23.5181520024888,-99.1222554338994,-18.6469131050048,-107.954340118338,52.878663542355,89.3095838302379,170.908173302543,-15.5810665222412,82.6025898857312,-58.9943288817725,-54.1788575195054,-61.2377889447432,-37.2350542140633,48.7967829066124,20.8931472977978,24.8623290092916,26.7049851466185,-119.931963567605,-59.9963781570601,-88.8773511361542,92.2911599037261,-23.7219030672434,44.2612889639492,144.439346234982,-117.926469666681
"DDX3X",11625.4339721096,3785.80172461817,522.153143733669,1900.50098590484,404.755209425004,1532.62000994267,312.400799613264,-2277.35488092689,-1561.03143145215,711.273398827108,735.224921489314,-399.165481799897,747.160545863304,-358.170809830033,49.6180891958343,-303.432695642395,-291.932485761641,-490.933046099077,-577.236863334519,277.361070390501,-617.278386936065,380.655903287845,196.800084758504,236.707498054499,715.771655741566,757.82888020698,-1119.15618402945,-890.580105625085,-1101.51816007186,-593.402939925933,486.271675370388,-761.841325463462,169.001355625181,783.340422808957,-352.331518527894,-21.4829547677012,-498.71043746432,-44.7482409946042,158.492397073074,259.417341592218,-322.519053774914,445.540864792632,345.184268514696,147.291559847853,-178.863187030288,-161.550194619241,-35.5146182068727,386.52752787034,-254.430454714026,809.862316300043,429.801912558058,359.789994934082
"KDM6A",1220.09229568267,396.657066968582,64.7970383572007,35.2212801542285,3.92479743589896,19.5322617639631,263.96060642063,-286.480071312122,-282.92828929767,81.9996449956929,65.2893016752307,65.4079814902238,-21.8168100908075,34.9820300968291,-74.0001088461698,34.4456357087804,18.1672686580769,-109.795648254782,-181.348675636781,128.568140338099,110.544601135771,82.1972572936837,120.451193316211,-0.624709090574174,90.4005702251716,120.977763569957,-93.0452560078248,15.2783734071962,-45.4949945398695,-29.6688495600533,-70.2729481261163,-108.093736675746,69.8636803110759,55.3265660583381,-2.23628838108354,-44.7643161096213,-48.0746216740056,73.2117598963367,58.1743745225808,-161.208495313826,-22.3570321592572,-9.95946328014926,59.5375404495361,124.096258157339,-39.5095261462057,-122.176997274748,20.2440677691265,106.368093339242,33.5002939948739,-43.9720422854963,67.3562817583656,-70.3798250418762
"NLGN3",2217.82734714506,501.332398754229,14.095097797129,12.5648744174312,274.795887961484,315.328821977849,926.552084402879,-1689.33833637239,-291.362104673664,-171.600647781122,53.8134603409248,1061.45097482556,143.120677263027,624.097976051884,-309.174102129475,223.430976419399,-104.989602380721,285.606428544574,305.775762537159,-5.60147039599631,-150.587758531045,-254.402373338566,22.0266245904852,-131.513853397349,-114.951891950091,123.781527129024,-122.903085185903,-10.3637013855381,-48.2129415516919,-263.358142563429,6.77520256731921,-243.060401691865,-38.6890262491623,163.720087197756,214.305693717076,-179.201069875523,-203.182394987278,-76.3455305899727,10.2938252134103,-48.0005190671392,165.896437750047,-222.925533211656,-62.7036795838692,150.164690708516,139.483142215231,-317.853332167839,-229.425175355329,-41.8384260956444,-124.238695152749,320.570480886013,-55.7128977748718,-278.054344841946
"UPF3B",9502.98327108542,1890.07652309682,184.022555465429,47.6392038869151,-186.115012539175,-1372.67134697438,217.528332992797,-1038.83736009552,-1286.92106269606,236.621090058868,1319.54741124655,-303.150720687412,-1666.67563034486,-294.488887583643,346.34921496198,-657.164767386458,-413.946018981874,1243.00818990309,813.329633681092,-44.5723714006348,17.1148055069439,570.883791451015,315.693311682153,-9.98875464993271,740.100083510666,86.7006188286052,360.592862440358,131.066735753749,-441.848336813036,-553.502451789901,460.714575769603,-317.594438596218,4.2301208135444,715.683467852352,-226.263751347299,858.848305222019,-129.782423810867,-341.135453047115,28.6552662234775,-923.426291367215,-388.077771169992,-445.79730300081,137.323636457019,160.575454450641,683.19592066024,242.507229644915,581.775345468698,-207.758902817052,-478.963867689452,400.235987091229,502.625420036967,152.833322728923
"MECP2",3724.33991693314,1109.56155617084,223.597545854063,-222.578291854026,264.77333143159,209.646689681536,438.72123067361,-840.913658635004,-538.866283414793,264.558308837197,512.720271093212,371.460678879972,-20.0864967435385,-61.6054898146356,11.109505646886,39.3716831105568,179.806471422629,-102.834129395783,139.165855823026,94.4292883763592,-57.5032299295536,-234.498483058118,214.501386726608,-79.0476841258195,-79.5651674103442,52.8345258684189,-92.5791508742574,-143.937086189638,-30.6381121873038,-167.118295824217,-163.663789996324,-114.092581643157,6.64606267645105,167.799152644749,42.8916334451899,-20.3047853701737,-134.762673349495,-202.588916302324,3.7647994283292,-136.046565013496,190.815322681657,-54.9029351721309,155.694781485667,-196.739489357737,42.345512673379,-374.844888683324,-31.3844852929406,-83.0130324002663,-39.3292694360653,265.529858217589,142.62599833296,-99.5215933698369
